order_id,order_seq_nbr,customer_id,product_id,order_date
1,1,1,1,2021-10-15
2,1,1,3,2021-10-15
3,1,2,2,2021-10-16
4,1,2,4,2021-10-16
5,1,3,5,2021-10-17
6,1,3,6,2021-10-17
7,1,4,7,2021-10-18
8,1,4,8,2021-10-18
9,1,5,9,2021-10-19
10,1,5,10,2021-10-19
11,1,6,11,2021-10-20
12,1,6,12,2021-10-20
13,1,7,13,2021-10-21
14,1,7,14,2021-10-21
15,1,8,15,2021-10-22
16,1,8,16,2021-10-22
17,1,9,17,2021-10-23
18,1,9,18,2021-10-23
19,1,10,19,2021-10-24
20,1,10,20,2021-10-24
21,1,11,21,2021-10-25
22,1,11,22,2021-10-25
23,1,12,23,2021-10-26
24,1,12,24,2021-10-26
25,1,13,25,2021-10-27
26,1,13,26,2021-10-27
27,1,14,27,2021-10-28
28,1,14,28,2021-10-28
29,1,15,29,2021-10-29
30,1,15,30,2021-10-29
31,1,16,1,2021-10-30
32,2,16,2,2021-10-30
33,1,17,3,2021-10-31
34,1,17,4,2021-10-31
35,1,18,5,2021-11-01
36,2,18,6,2021-11-01
37,1,19,7,2021-11-02
38,1,19,8,2021-11-02
39,1,20,9,2021-11-03
40,2,20,10,2021-11-03
41,1,21,11,2021-11-04
42,1,21,12,2021-11-04
43,1,22,13,2021-11-05
44,1,22,14,2021-11-05
45,1,23,15,2021-11-06
46,1,23,16,2021-11-06
47,1,24,17,2021-11-07
48,2,24,18,2021-11-07
49,1,25,19,2021-11-08
50,1,25,20,2021-11-08
51,1,26,21,2021-11-09
52,1,26,22,2021-11-09
53,1,27,23,2021-11-10
54,2,27,24,2021-11-10
55,1,28,25,2021-11-11
56,2,28,26,2021-11-11
57,1,29,27,2021-11-12
58,1,29,28,2021-11-12
59,1,30,29,2021-11-13
60,2,30,30,2021-11-13
61,1,31,1,2021-11-14
62,1,31,2,2021-11-14
63,1,32,3,2021-11-15
64,2,32,4,2021-11-15
65,1,33,5,2021-11-16
66,1,33,6,2021-11-16
67,1,34,7,2021-11-17
68,2,34,8,2021-11-17
69,1,35,9,2021-11-18
70,1,35,10,2021-11-18
71,1,36,11,2021-11-19
72,1,36,12,2021-11-19
73,1,37,13,2021-11-20
74,2,37,14,2021-11-20
75,1,38,15,2021-11-21
76,1,38,16,2021-11-21
77,1,39,17,2021-11-22
78,2,39,18,2021-11-22
79,1,40,19,2021-11-23
80,1,40,20,2021-11-23
81,1,41,21,2021-11-24
82,2,41,22,2021-11-24
83,1,42,23,2021-11-25
84,1,42,24,2021-11-25
85,1,43,25,2021-11-26
86,1,43,26,2021-11-26
87,1,44,27,2021-11-27
88,2,44,28,2021-11-27
89,1,45,29,2021-11-28
90,1,45,30,2021-11-28
91,1,46,1,2021-11-29
92,1,46,2,2021-11-29
93,1,47,3,2021-11-30
94,2,47,4,2021-11-30
95,1,48,5,2021-12-01
96,1,48,6,2021-12-01
97,1,49,7,2021-12-02
98,2,49,8,2021-12-02
99,1,50,9,2021-12-03
100,1,50,10,2021-12-03
101,1,51,11,2021-12-04
102,1,51,12,2021-12-04
103,1,52,13,2021-12-05
104,1,52,14,2021-12-05
105,1,53,15,2021-12-06
106,2,53,16,2021-12-06
107,1,54,17,2021-12-07
108,1,54,18,2021-12-07
109,1,55,19,2021-12-08
110,2,55,20,2021-12-08
111,1,56,21,2021-12-09
112,1,56,22,2021-12-09
113,1,57,23,2021-12-10
114,2,57,24,2021-12-10
115,1,58,25,2021-12-11
116,1,58,26,2021-12-11
117,1,59,27,2021-12-12
118,1,59,28,2021-12-12
119,1,60,29,2021-12-13
120,2,60,30,2021-12-13
121,1,61,1,2021-12-14
122,1,61,2,2021-12-14
123,1,62,3,2021-12-15
124,2,62,4,2021-12-15
125,1,63,5,2021-12-16
126,1,63,6,2021-12-16
127,1,64,7,2021-12-17
128,2,64,8,2021-12-17
129,1,65,9,2021-12-18
130,1,65,10,2021-12-18
131,1,66,11,2021-12-19
132,1,66,12,2021-12-19
133,1,67,13,2021-12-20
134,2,67,14,2021-12-20
135,1,68,15,2021-12-21
136,1,68,16,2021-12-21
137,1,69,17,2021-12-22
138,1,69,18,2021-12-22
139,1,70,19,2021-12-23
140,1,70,20,2021-12-23
141,1,71,21,2021-12-24
142,1,71,22,2021-12-24
143,1,72,23,2021-12-25
144,2,72,24,2021-12-25
145,1,73,25,2021-12-26
146,1,73,26,2021-12-26
147,1,74,27,2021-12-27
148,2,74,28,2021-12-27
149,1,75,29,2021-12-28
150,1,75,30,2021-12-28
151,1,76,1,2021-12-29
152,1,76,2,2021-12-29
153,1,77,3,2021-12-30
154,2,77,4,2021-12-30
155,1,78,5,2021-12-31
156,1,78,6,2021-12-31
157,1,79,7,2022-01-01
158,2,79,8,2022-01-01
159,1,80,9,2022-01-02
160,1,80,10,2022-01-02
161,1,81,11,2022-01-03
162,1,81,12,2022-01-03
163,1,82,13,2022-01-04
164,2,82,14,2022-01-04
165,1,83,15,2022-01-05
166,1,83,16,2022-01-05
167,1,84,17,2022-01-06
168,1,84,18,2022-01-06
169,1,85,19,2022-01-07
170,2,85,20,2022-01-07
171,1,86,21,2022-01-08
172,1,86,22,2022-01-08
173,1,87,23,2022-01-09
174,1,87,24,2022-01-09
175,1,88,25,2022-01-10
176,2,88,26,2022-01-10
177,1,89,27,2022-01-11
178,1,89,28,2022-01-11
179,1,90,29,2022-01-12
180,2,90,30,2022-01-12
181,1,91,1,2022-01-13
182,1,91,2,2022-01-13
183,1,92,3,2022-01-14
184,1,92,4,2022-01-14
185,1,93,5,2022-01-15
186,2,93,6,2022-01-15
187,1,94,7,2022-01-16
188,1,94,8,2022-01-16
189,1,95,9,2022-01-17
190,1,95,10,2022-01-17
191,1,96,11,2022-01-18
192,2,96,12,2022-01-18
193,1,97,13,2022-01-19
194,1,97,14,2022-01-19
195,1,98,15,2022-01-20
196,1,98,16,2022-01-20
197,1,99,17,2022-01-21
198,2,99,18,2022-01-21
199,1,100,19,2022-01-22
200,1,100,20,2022-01-22
201,1,1,21,2022-01-23
202,1,1,22,2022-01-23
203,1,2,23,2022-01-24
204,1,2,24,2022-01-24
205,1,3,25,2022-01-25
206,2,3,26,2022-01-25
207,1,4,27,2022-01-26
208,1,4,28,2022-01-26
209,1,5,29,2022-01-27
210,1,5,30,2022-01-27
211,1,6,1,2022-01-28
212,1,6,2,2022-01-28
213,1,7,3,2022-01-29
214,2,7,4,2022-01-29
215,1,8,5,2022-01-30
216,1,8,6,2022-01-30
217,1,9,7,2022-01-31
218,1,9,8,2022-01-31
219,1,10,9,2022-02-01
220,2,10,10,2022-02-01
221,1,11,11,2022-02-02
222,1,11,12,2022-02-02
223,1,12,13,2022-02-03
224,1,12,14,2022-02-03
225,1,13,15,2022-02-04
226,2,13,16,2022-02-04
227,1,14,17,2022-02-05
228,1,14,18,2022-02-05
229,1,15,19,2022-02-06
230,1,15,20,2022-02-06
231,1,16,21,2022-02-07
232,2,16,22,2022-02-07
233,1,17,23,2022-02-08
234,1,17,24,2022-02-08
235,1,18,25,2022-02-09
236,2,18,26,2022-02-09
237,1,19,27,2022-02-10
238,1,19,28,2022-02-10
239,1,20,29,2022-02-11
240,1,20,30,2022-02-11
241,1,21,1,2022-02-12
242,1,21,2,2022-02-12
243,1,22,3,2022-02-13
244,2,22,4,2022-02-13
245,1,23,5,2022-02-14
246,1,23,6,2022-02-14
247,1,24,7,2022-02-15
248,2,24,8,2022-02-15
249,1,25,9,2022-02-16
250,1,25,10,2022-02-16
251,1,26,11,2022-02-17
252,1,26,12,2022-02-17
253,1,27,13,2022-02-18
254,2,27,14,2022-02-18
255,1,28,15,2022-02-19
256,1,28,16,2022-02-19
257,1,29,17,2022-02-20
258,1,29,18,2022-02-20
259,1,30,19,2022-02-21
260,1,30,20,2022-02-21
261,1,31,21,2022-02-22
262,2,31,22,2022-02-22
263,1,32,23,2022-02-23
264,1,32,24,2022-02-23
265,1,33,25,2022-02-24
266,1,33,26,2022-02-24
267,1,34,27,2022-02-25
268,2,34,28,2022-02-25
269,1,35,29,2022-02-26
270,1,35,30,2022-02-26
271,1,36,1,2022-02-27
272,1,36,2,2022-02-27
273,1,37,3,2022-02-28
274,2,37,4,2022-02-28
275,1,38,5,2022-03-01
276,1,38,6,2022-03-01
277,1,39,7,2022-03-02
278,2,39,8,2022-03-02
279,1,40,9,2022-03-03
280,1,40,10,2022-03-03
281,1,41,11,2022-03-04
282,1,41,12,2022-03-04
283,1,42,13,2022-03-05
284,2,42,14,2022-03-05
285,1,43,15,2022-03-06
286,1,43,16,2022-03-06
287,1,44,17,2022-03-07
288,2,44,18,2022-03-07
289,1,45,19,2022-03-08
290,1,45,20,2022-03-08
291,1,46,21,2022-03-09
292,1,46,22,2022-03-09
293,1,47,23,2022-03-10
294,2,47,24,2022-03-10
295,1,48,25,2022-03-11
296,1,48,26,2022-03-11
297,1,49,27,2022-03-12
298,2,49,28,2022-03-12
299,1,50,29,2022-03-13
300,1,50,30,2022-03-13
301,1,51,1,2022-03-14
302,1,51,2,2022-03-14
303,1,52,3,2022-03-15
304,1,52,4,2022-03-15
305,1,53,5,2022-03-16
306,2,53,6,2022-03-16
307,1,54,7,2022-03-17
308,1,54,8,2022-03-17
309,1,55,9,2022-03-18
310,1,55,10,2022-03-18
311,1,56,11,2022-03-19
312,1,56,12,2022-03-19
313,1,57,13,2022-03-20
314,2,57,14,2022-03-20
315,1,58,15,2022-03-21
316,1,58,16,2022-03-21
317,1,59,17,2022-03-22
318,1,59,18,2022-03-22
319,1,60,19,2022-03-23
320,1,60,20,2022-03-23
321,1,61,21,2022-03-24
322,2,61,22,2022-03-24
323,1,62,23,2022-03-25
324,1,62,24,2022-03-25
325,1,63,25,2022-03-26
326,1,63,26,2022-03-26
327,1,64,27,2022-03-27
328,2,64,28,2022-03-27
329,1,65,29,2022-03-28
330,1,65,30,2022-03-28
331,1,66,1,2022-03-29
332,1,66,2,2022-03-29
333,1,67,3,2022-03-30
334,1,67,4,2022-03-30
335,1,68,5,2022-03-31
336,2,68,6,2022-03-31
337,1,69,7,2022-04-01
338,1,69,8,2022-04-01
339,1,70,9,2022-04-02
340,1,70,10,2022-04-02
341,1,71,11,2022-04-03
342,2,71,12,2022-04-03
343,1,72,13,2022-04-04
344,1,72,14,2022-04-04
345,1,73,15,2022-04-05
346,1,73,16,2022-04-05
347,1,74,17,2022-04-06
348,1,74,18,2022-04-06
349,1,75,19,2022-04-07
350,1,75,20,2022-04-07
351,1,76,21,2022-04-08
352,2,76,22,2022-04-08
353,1,77,23,2022-04-09
354,1,77,24,2022-04-09
355,1,78,25,2022-04-10
356,1,78,26,2022-04-10
357,1,79,27,2022-04-11
358,2,79,28,2022-04-11
359,1,80,29,2022-04-12
360,1,80,30,2022-04-12
361,1,81,1,2022-04-13
362,1,81,2,2022-04-13
363,1,82,3,2022-04-14
364,2,82,4,2022-04-14
365,1,83,5,2022-04-15
366,1,83,6,2022-04-15
367,1,84,7,2022-04-16
368,2,84,8,2022-04-16
369,1,85,9,2022-04-17
370,1,85,10,2022-04-17
371,1,86,11,2022-04-18
372,1,86,12,2022-04-18
373,1,87,13,2022-04-19
374,2,87,14,2022-04-19
375,1,88,15,2022-04-20
376,1,88,16,2022-04-20
377,1,89,17,2022-04-21
378,1,89,18,2022-04-21
379,1,90,19,2022-04-22
380,2,90,20,2022-04-22
381,1,91,21,2022-04-23
382,1,91,22,2022-04-23
383,1,92,23,2022-04-24
384,2,92,24,2022-04-24
385,1,93,25,2022-04-25
386,1,93,26,2022-04-25
387,1,94,27,2022-04-26
388,1,94,28,2022-04-26
389,1,95,29,2022-04-27
390,2,95,30,2022-04-27
391,1,96,1,2022-04-28
392,1,96,2,2022-04-28
393,1,97,3,2022-04-29
394,1,97,4,2022-04-29
395,1,98,5,2022-04-30
396,1,98,6,2022-04-30
397,1,99,7,2022-05-01
398,2,99,8,2022-05-01
399,1,100,9,2022-05-02
400,1,100,10,2022-05-02
401,1,1,11,2022-05-03
402,1,1,12,2022-05-03
403,1,2,13,2022-05-04
404,1,2,14,2022-05-04
405,1,3,15,2022-05-05
406,2,3,16,2022-05-05
407,1,4,17,2022-05-06
408,1,4,18,2022-05-06
409,1,5,19,2022-05-07
410,2,5,20,2022-05-07
411,1,6,21,2022-05-08
412,1,6,22,2022-05-08
413,1,7,23,2022-05-09
414,2,7,24,2022-05-09
415,1,8,25,2022-05-10
416,1,8,26,2022-05-10
417,1,9,27,2022-05-11
418,1,9,28,2022-05-11
419,1,10,29,2022-05-12
420,2,10,30,2022-05-12
421,1,11,1,2022-05-13
422,1,11,2,2022-05-13
423,1,12,3,2022-05-14
424,2,12,4,2022-05-14
425,1,13,5,2022-05-15
426,1,13,6,2022-05-15
427,1,14,7,2022-05-16
428,2,14,8,2022-05-16
429,1,15,9,2022-05-17
430,1,15,10,2022-05-17
431,1,16,11,2022-05-18
432,1,16,12,2022-05-18
433,1,17,13,2022-05-19
434,2,17,14,2022-05-19
435,1,18,15,2022-05-20
436,1,18,16,2022-05-20
437,1,19,17,2022-05-21
438,1,19,18,2022-05-21
439,1,20,19,2022-05-22
440,1,20,20,2022-05-22
441,1,21,21,2022-05-23
442,2,21,22,2022-05-23
443,1,22,23,2022-05-24
444,1,22,24,2022-05-24
445,1,23,25,2022-05-25
446,2,23,26,2022-05-25
447,1,24,27,2022-05-26
448,1,24,28,2022-05-26
449,1,25,29,2022-05-27
450,1,25,30,2022-05-27
451,1,26,1,2022-05-28
452,1,26,2,2022-05-28
453,1,27,3,2022-05-29
454,2,27,4,2022-05-29
455,1,28,5,2022-05-30
456,1,28,6,2022-05-30
457,1,29,7,2022-05-31
458,2,29,8,2022-05-31
459,1,30,9,2022-06-01
460,1,30,10,2022-06-01
461,1,31,11,2022-06-02
462,1,31,12,2022-06-02
463,1,32,13,2022-06-03
464,2,32,14,2022-06-03
465,1,33,15,2022-06-04
466,1,33,16,2022-06-04
467,1,34,17,2022-06-05
468,2,34,18,2022-06-05
469,1,35,19,2022-06-06
470,1,35,20,2022-06-06
471,1,36,21,2022-06-07
472,1,36,22,2022-06-07
473,1,37,23,2022-06-08
474,2,37,24,2022-06-08
475,1,38,25,2022-06-09
476,1,38,26,2022-06-09
477,1,39,27,2022-06-10
478,1,39,28,2022-06-10
479,1,40,29,2022-06-11
480,2,40,30,2022-06-11
481,1,41,1,2022-06-12
482,1,41,2,2022-06-12
483,1,42,3,2022-06-13
484,2,42,4,2022-06-13
485,1,43,5,2022-06-14
486,1,43,6,2022-06-14
487,1,44,7,2022-06-15
488,1,44,8,2022-06-15
489,1,45,9,2022-06-16
490,1,45,10,2022-06-16
491,1,46,11,2022-06-17
492,1,46,12,2022-06-17
493,1,47,13,2022-06-18
494,2,47,14,2022-06-18
495,1,48,15,2022-06-19
496,1,48,16,2022-06-19
497,1,49,17,2022-06-20
498,1,49,18,2022-06-20
499,1,50,19,2022-06-21
500,2,50,20,2022-06-21
501,1,51,21,2022-06-22
502,1,51,22,2022-06-22
503,1,52,23,2022-06-23
504,1,52,24,2022-06-23
505,1,53,25,2022-06-24
506,2,53,26,2022-06-24
507,1,54,27,2022-06-25
508,1,54,28,2022-06-25
509,1,55,29,2022-06-26
510,1,55,30,2022-06-26
511,1,56,1,2022-06-27
512,1,56,2,2022-06-27
513,1,57,3,2022-06-28
514,2,57,4,2022-06-28
515,1,58,5,2022-06-29
516,1,58,6,2022-06-29
517,1,59,7,2022-06-30
518,2,59,8,2022-06-30
519,1,60,9,2022-07-01
520,1,60,10,2022-07-01
521,1,61,11,2022-07-02
522,1,61,12,2022-07-02
523,1,62,13,2022-07-03
524,2,62,14,2022-07-03
525,1,63,15,2022-07-04
526,1,63,16,2022-07-04
527,1,64,17,2022-07-05
528,2,64,18,2022-07-05
529,1,65,19,2022-07-06
530,1,65,20,2022-07-06
531,1,66,21,2022-07-07
532,1,66,22,2022-07-07
533,1,67,23,2022-07-08
534,2,67,24,2022-07-08
535,1,68,25,2022-07-09
536,1,68,26,2022-07-09
537,1,69,27,2022-07-10
538,1,69,28,2022-07-10
539,1,70,29,2022-07-11
540,2,70,30,2022-07-11
541,1,71,1,2022-07-12
542,1,71,2,2022-07-12
543,1,72,3,2022-07-13
544,2,72,4,2022-07-13
545,1,73,5,2022-07-14
546,1,73,6,2022-07-14
547,1,74,7,2022-07-15
548,2,74,8,2022-07-15
549,1,75,9,2022-07-16
550,1,75,10,2022-07-16
551,1,76,11,2022-07-17
552,1,76,12,2022-07-17
553,1,77,13,2022-07-18
554,2,77,14,2022-07-18
555,1,78,15,2022-07-19
556,1,78,16,2022-07-19
557,1,79,17,2022-07-20
558,2,79,18,2022-07-20
559,1,80,19,2022-07-21
560,1,80,20,2022-07-21
561,1,81,21,2022-07-22
562,2,81,22,2022-07-22
563,1,82,23,2022-07-23
564,1,82,24,2022-07-23
565,1,83,25,2022-07-24
566,1,83,26,2022-07-24
567,1,84,27,2022-07-25
568,2,84,28,2022-07-25
569,1,85,29,2022-07-26
570,1,85,30,2022-07-26
571,1,86,1,2022-07-27
572,2,86,2,2022-07-27
573,1,87,3,2022-07-28
574,1,87,4,2022-07-28
575,1,88,5,2022-07-29
576,1,88,6,2022-07-29
577,1,89,7,2022-07-30
578,2,89,8,2022-07-30
579,1,90,9,2022-07-31
580,1,90,10,2022-07-31
581,1,91,11,2022-08-01
582,1,91,12,2022-08-01
583,1,92,13,2022-08-02
584,2,92,14,2022-08-02
585,1,93,15,2022-08-03
586,1,93,16,2022-08-03
587,1,94,17,2022-08-04
588,1,94,18,2022-08-04
589,1,95,19,2022-08-05
590,2,95,20,2022-08-05
591,1,96,21,2022-08-06
592,1,96,22,2022-08-06
593,1,97,23,2022-08-07
594,1,97,24,2022-08-07
595,1,98,25,2022-08-08
596,2,98,26,2022-08-08
597,1,99,27,2022-08-09
598,1,99,28,2022-08-09
599,1,100,29,2022-08-10
600,1,100,30,2022-08-10
601,1,1,1,2022-08-11
602,1,1,2,2022-08-11
603,1,2,3,2022-08-12
604,1,2,4,2022-08-12
605,1,3,5,2022-08-13
606,2,3,6,2022-08-13
607,1,4,7,2022-08-14
608,1,4,8,2022-08-14
609,1,5,9,2022-08-15
610,1,5,10,2022-08-15
611,1,6,11,2022-08-16
612,2,6,12,2022-08-16
613,1,7,13,2022-08-17
614,1,7,14,2022-08-17
615,1,8,15,2022-08-18
616,1,8,16,2022-08-18
617,1,9,17,2022-08-19
618,1,9,18,2022-08-19
619,1,10,19,2022-08-20
620,2,10,20,2022-08-20
621,1,11,21,2022-08-21
622,1,11,22,2022-08-21
623,1,12,23,2022-08-22
624,1,12,24,2022-08-22
625,1,13,25,2022-08-23
626,2,13,26,2022-08-23
627,1,14,27,2022-08-24
628,1,14,28,2022-08-24
629,1,15,29,2022-08-25
630,1,15,30,2022-08-25
631,1,16,1,2022-08-26
632,1,16,2,2022-08-26
633,1,17,3,2022-08-27
634,1,17,4,2022-08-27
635,1,18,5,2022-08-28
636,2,18,6,2022-08-28
637,1,19,7,2022-08-29
638,1,19,8,2022-08-29
639,1,20,9,2022-08-30
640,1,20,10,2022-08-30
641,1,21,11,2022-08-31
642,1,21,12,2022-08-31
643,1,22,13,2022-09-01
644,2,22,14,2022-09-01
645,1,23,15,2022-09-02
646,1,23,16,2022-09-02
647,1,24,17,2022-09-03
648,2,24,18,2022-09-03
649,1,25,19,2022-09-04
650,1,25,20,2022-09-04
651,1,26,21,2022-09-05
652,1,26,22,2022-09-05
653,1,27,23,2022-09-06
654,2,27,24,2022-09-06
655,1,28,25,2022-09-07
656,1,28,26,2022-09-07
657,1,29,27,2022-09-08
658,1,29,28,2022-09-08
659,1,30,29,2022-09-09
660,1,30,30,2022-09-09
661,1,31,1,2022-09-10
662,1,31,2,2022-09-10
663,1,32,3,2022-09-11
664,2,32,4,2022-09-11
665,1,33,5,2022-09-12
666,1,33,6,2022-09-12
667,1,34,7,2022-09-13
668,2,34,8,2022-09-13
669,1,35,9,2022-09-14
670,1,35,10,2022-09-14
671,1,36,11,2022-09-15
672,1,36,12,2022-09-15
673,1,37,13,2022-09-16
674,2,37,14,2022-09-16
675,1,38,15,2022-09-17
676,1,38,16,2022-09-17
677,1,39,17,2022-09-18
678,1,39,18,2022-09-18
679,1,40,19,2022-09-19
680,1,40,20,2022-09-19
681,1,41,21,2022-09-20
682,2,41,22,2022-09-20
683,1,42,23,2022-09-21
684,1,42,24,2022-09-21
685,1,43,25,2022-09-22
686,1,43,26,2022-09-22
687,1,44,27,2022-09-23
688,2,44,28,2022-09-23
689,1,45,29,2022-09-24
690,1,45,30,2022-09-24
691,1,46,1,2022-09-25
692,1,46,2,2022-09-25
693,1,47,3,2022-09-26
694,2,47,4,2022-09-26
695,1,48,5,2022-09-27
696,1,48,6,2022-09-27
697,1,49,7,2022-09-28
698,1,49,8,2022-09-28
699,1,50,9,2022-09-29
700,1,50,10,2022-09-29
701,1,51,11,2022-09-30
702,1,51,12,2022-09-30
703,1,52,13,2022-10-01
704,1,52,14,2022-10-01
705,1,53,15,2022-10-02
706,1,53,16,2022-10-02
707,1,54,17,2022-10-03
708,1,54,18,2022-10-03
709,1,55,19,2022-10-04
710,1,55,20,2022-10-04
711,1,56,21,2022-10-05
712,1,56,22,2022-10-05
713,1,57,23,2022-10-06
714,1,57,24,2022-10-06
715,1,58,25,2022-10-07
716,1,58,26,2022-10-07
717,1,59,27,2022-10-08
718,1,59,28,2022-10-08
719,1,60,29,2022-10-09
720,1,60,30,2022-10-09
721,1,61,1,2022-10-10
722,2,61,2,2022-10-10
723,1,62,3,2022-10-11
724,1,62,4,2022-10-11
725,1,63,5,2022-10-12
726,1,63,6,2022-10-12
727,1,64,7,2022-10-13
728,1,64,8,2022-10-13
729,1,65,9,2022-10-14
730,1,65,10,2022-10-14
731,1,66,11,2022-10-15
732,1,66,12,2022-10-15
733,1,67,13,2022-10-16
734,2,67,14,2022-10-16
735,1,68,15,2022-10-17
736,1,68,16,2022-10-17
737,1,69,17,2022-10-18
738,1,69,18,2022-10-18
739,1,70,19,2022-10-19
740,1,70,20,2022-10-19
741,1,71,21,2022-10-20
742,1,71,22,2022-10-20
743,1,72,23,2022-10-21
744,1,72,24,2022-10-21
745,1,73,25,2022-10-22
746,1,73,26,2022-10-22
747,1,74,27,2022-10-23
748,2,74,28,2022-10-23
749,1,75,29,2022-10-24
750,1,75,30,2022-10-24
751,1,76,1,2022-10-25
752,1,76,2,2022-10-25
753,1,77,3,2022-10-26
754,2,77,4,2022-10-26
755,1,78,5,2022-10-27
756,1,78,6,2022-10-27
757,1,79,7,2022-10-28
758,2,79,8,2022-10-28
759,1,80,9,2022-10-29
760,1,80,10,2022-10-29
761,1,81,11,2022-10-30
762,1,81,12,2022-10-30
763,1,82,13,2022-10-31
764,2,82,14,2022-10-31
765,1,83,15,2022-11-01
766,1,83,16,2022-11-01
767,1,84,17,2022-11-02
768,1,84,18,2022-11-02
769,1,85,19,2022-11-03
770,1,85,20,2022-11-03
771,1,86,21,2022-11-04
772,2,86,22,2022-11-04
773,1,87,23,2022-11-05
774,1,87,24,2022-11-05
775,1,88,25,2022-11-06
776,1,88,26,2022-11-06
777,1,89,27,2022-11-07
778,2,89,28,2022-11-07
779,1,90,29,2022-11-08
780,1,90,30,2022-11-08
781,1,91,1,2022-11-09
782,1,91,2,2022-11-09
783,1,92,3,2022-11-10
784,1,92,4,2022-11-10
785,1,93,5,2022-11-11
786,2,93,6,2022-11-11
787,1,94,7,2022-11-12
788,1,94,8,2022-11-12
789,1,95,9,2022-11-13
790,1,95,10,2022-11-13
791,1,96,11,2022-11-14
792,1,96,12,2022-11-14
793,1,97,13,2022-11-15
794,1,97,14,2022-11-15
795,1,98,15,2022-11-16
796,1,98,16,2022-11-16
797,1,99,17,2022-11-17
798,2,99,18,2022-11-17
799,1,100,19,2022-11-18
800,1,100,20,2022-11-18
801,1,1,21,2022-11-19
802,1,1,22,2022-11-19
803,1,2,23,2022-11-20
804,1,2,24,2022-11-20
805,1,3,25,2022-11-21
806,2,3,26,2022-11-21
807,1,4,27,2022-11-22
808,1,4,28,2022-11-22
809,1,5,29,2022-11-23
810,1,5,30,2022-11-23
811,1,6,1,2022-11-24
812,1,6,2,2022-11-24
813,1,7,3,2022-11-25
814,1,7,4,2022-11-25
815,1,8,5,2022-11-26
816,2,8,6,2022-11-26
817,1,9,7,2022-11-27
818,1,9,8,2022-11-27
819,1,10,9,2022-11-28
820,1,10,10,2022-11-28
821,1,11,11,2022-11-29
822,2,11,12,2022-11-29
823,1,12,13,2022-11-30
824,1,12,14,2022-11-30
825,1,13,15,2022-12-01
826,1,13,16,2022-12-01
827,1,14,17,2022-12-02
828,2,14,18,2022-12-02
829,1,15,19,2022-12-03
830,1,15,20,2022-12-03
831,1,16,21,2022-12-04
832,1,16,22,2022-12-04
833,1,17,23,2022-12-05
834,2,17,24,2022-12-05
835,1,18,25,2022-12-06
836,1,18,26,2022-12-06
837,1,19,27,2022-12-07
838,1,19,28,2022-12-07
839,1,20,29,2022-12-08
840,2,20,30,2022-12-08
841,1,21,1,2022-12-09
842,1,21,2,2022-12-09
843,1,22,3,2022-12-10
844,1,22,4,2022-12-10
845,1,23,5,2022-12-11
846,1,23,6,2022-12-11
847,1,24,7,2022-12-12
848,2,24,8,2022-12-12
849,1,25,9,2022-12-13
850,1,25,10,2022-12-13
851,1,26,11,2022-12-14
852,1,26,12,2022-12-14
853,1,27,13,2022-12-15
854,1,27,14,2022-12-15
855,1,28,15,2022-12-16
856,1,28,16,2022-12-16
857,1,29,17,2022-12-17
858,1,29,18,2022-12-17
859,1,30,19,2022-12-18
860,2,30,20,2022-12-18
861,1,31,21,2022-12-19
862,1,31,22,2022-12-19
863,1,32,23,2022-12-20
864,1,32,24,2022-12-20
865,1,33,25,2022-12-21
866,2,33,26,2022-12-21
867,1,34,27,2022-12-22
868,1,34,28,2022-12-22
869,1,35,29,2022-12-23
870,1,35,30,2022-12-23
871,1,36,1,2022-12-24
872,1,36,2,2022-12-24
873,1,37,3,2022-12-25
874,1,37,4,2022-12-25
875,1,38,5,2022-12-26
876,2,38,6,2022-12-26
877,1,39,7,2022-12-27
878,1,39,8,2022-12-27
879,1,40,9,2022-12-28
880,2,40,10,2022-12-28
881,1,41,11,2022-12-29
882,1,41,12,2022-12-29
883,1,42,13,2022-12-30
884,1,42,14,2022-12-30
885,1,43,15,2022-12-31
886,2,43,16,2022-12-31
887,1,44,17,2023-01-01
888,1,44,18,2023-01-01
889,1,45,19,2023-01-02
890,1,45,20,2023-01-02
891,1,46,21,2023-01-03
892,1,46,22,2023-01-03
893,1,47,23,2023-01-04
894,2,47,24,2023-01-04
895,1,48,25,2023-01-05
896,1,48,26,2023-01-05
897,1,49,27,2023-01-06
898,1,49,28,2023-01-06
899,1,50,29,2023-01-07
900,2,50,30,2023-01-07
901,1,51,1,2023-01-08
902,1,51,2,2023-01-08
903,1,52,3,2023-01-09
904,1,52,4,2023-01-09
905,1,53,5,2023-01-10
906,2,53,6,2023-01-10
907,1,54,7,2023-01-11
908,1,54,8,2023-01-11
909,1,55,9,2023-01-12
910,1,55,10,2023-01-12
911,1,56,11,2023-01-13
912,1,56,12,2023-01-13
913,1,57,13,2023-01-14
914,2,57,14,2023-01-14
915,1,58,15,2023-01-15
916,1,58,16,2023-01-15
917,1,59,17,2023-01-16
918,1,59,18,2023-01-16
919,1,60,19,2023-01-17
920,1,60,20,2023-01-17
921,1,61,21,2023-01-18
922,2,61,22,2023-01-18
923,1,62,23,2023-01-19
924,1,62,24,2023-01-19
925,1,63,25,2023-01-20
926,1,63,26,2023-01-20
927,1,64,27,2023-01-21
928,2,64,28,2023-01-21
929,1,65,29,2023-01-22
930,1,65,30,2023-01-22
931,1,66,1,2023-01-23
932,1,66,2,2023-01-23
933,1,67,3,2023-01-24
934,2,67,4,2023-01-24
935,1,68,5,2023-01-25
936,1,68,6,2023-01-25
937,1,69,7,2023-01-26
938,1,69,8,2023-01-26
939,1,70,9,2023-01-27
940,1,70,10,2023-01-27
941,1,71,11,2023-01-28
942,2,71,12,2023-01-28
943,1,72,13,2023-01-29
944,1,72,14,2023-01-29
945,1,73,15,2023-01-30
946,1,73,16,2023-01-30
947,1,74,17,2023-01-31
948,2,74,18,2023-01-31
949,1,75,19,2023-02-01
950,1,75,20,2023-02-01
951,1,76,21,2023-02-02
952,1,76,22,2023-02-02
953,1,77,23,2023-02-03
954,1,77,24,2023-02-03
955,1,78,25,2023-02-04
956,1,78,26,2023-02-04
957,1,79,27,2023-02-05
958,2,79,28,2023-02-05
959,1,80,29,2023-02-06
960,1,80,30,2023-02-06
961,1,81,1,2023-02-07
962,1,81,2,2023-02-07
963,1,82,3,2023-02-08
964,2,82,4,2023-02-08
965,1,83,5,2023-02-09
966,1,83,6,2023-02-09
967,1,84,7,2023-02-10
968,2,84,8,2023-02-10
969,1,85,9,2023-02-11
970,1,85,10,2023-02-11
971,1,86,11,2023-02-12
972,1,86,12,2023-02-12
973,1,87,13,2023-02-13
974,2,87,14,2023-02-13
975,1,88,15,2023-02-14
976,1,88,16,2023-02-14
977,1,89,17,2023-02-15
978,1,89,18,2023-02-15
979,1,90,19,2023-02-16
980,2,90,20,2023-02-16
981,1,91,21,2023-02-17
982,1,91,22,2023-02-17
983,1,92,23,2023-02-18
984,1,92,24,2023-02-18
985,1,93,25,2023-02-19
986,2,93,26,2023-02-19
987,1,94,27,2023-02-20
988,1,94,28,2023-02-20
989,1,95,29,2023-02-21
990,1,95,30,2023-02-21
991,1,96,1,2023-02-22
992,1,96,2,2023-02-22
993,1,97,3,2023-02-23
994,2,97,4,2023-02-23
995,1,98,5,2023-02-24
996,1,98,6,2023-02-24
997,1,99,7,2023-02-25
998,1,99,8,2023-02-25
999,1,100,9,2023-02-26
1000,1,100,10,2023-02-26
1001,1,1,11,2023-02-27
1002,1,1,12,2023-02-27
1003,1,2,13,2023-02-28
1004,1,2,14,2023-02-28
1005,1,3,15,2023-03-01
1006,1,3,16,2023-03-01
1007,1,4,17,2023-03-02
1008,2,4,18,2023-03-02
1009,1,5,19,2023-03-03
1010,1,5,20,2023-03-03
1011,1,6,21,2023-03-04
1012,1,6,22,2023-03-04
1013,1,7,23,2023-03-05
1014,1,7,24,2023-03-05
1015,1,8,25,2023-03-06
1016,1,8,26,2023-03-06
1017,1,9,27,2023-03-07
1018,1,9,28,2023-03-07
1019,1,10,29,2023-03-08
1020,1,10,30,2023-03-08
1021,1,11,1,2023-03-09
1022,1,11,2,2023-03-09
1023,1,12,3,2023-03-10
1024,2,12,4,2023-03-10
1025,1,13,5,2023-03-11
1026,1,13,6,2023-03-11
1027,1,14,7,2023-03-12
1028,1,14,8,2023-03-12
1029,1,15,9,2023-03-13
1030,2,15,10,2023-03-13
1031,1,16,11,2023-03-14
1032,1,16,12,2023-03-14
1033,1,17,13,2023-03-15
1034,1,17,14,2023-03-15
1035,1,18,15,2023-03-16
1036,1,18,16,2023-03-16
1037,1,19,17,2023-03-17
1038,1,19,18,2023-03-17
1039,1,20,19,2023-03-18
1040,1,20,20,2023-03-18
1041,1,21,21,2023-03-19
1042,1,21,22,2023-03-19
1043,1,22,23,2023-03-20
1044,2,22,24,2023-03-20
1045,1,23,25,2023-03-21
1046,1,23,26,2023-03-21
1047,1,24,27,2023-03-22
1048,2,24,28,2023-03-22
1049,1,25,29,2023-03-23
1050,1,25,30,2023-03-23
1051,1,26,1,2023-03-24
1052,1,26,2,2023-03-24
1053,1,27,3,2023-03-25
1054,1,27,4,2023-03-25
1055,1,28,5,2023-03-26
1056,2,28,6,2023-03-26
1057,1,29,7,2023-03-27
1058,1,29,8,2023-03-27
1059,1,30,9,2023-03-28
1060,1,30,10,2023-03-28
1061,1,31,11,2023-03-29
1062,2,31,12,2023-03-29
1063,1,32,13,2023-03-30
1064,1,32,14,2023-03-30
1065,1,33,15,2023-03-31
1066,1,33,16,2023-03-31
1067,1,34,17,2023-04-01
1068,1,34,18,2023-04-01
1069,1,35,19,2023-04-02
1070,1,35,20,2023-04-02
1071,1,36,21,2023-04-03
1072,1,36,22,2023-04-03
1073,1,37,23,2023-04-04
1074,1,37,24,2023-04-04
1075,1,38,25,2023-04-05
1076,2,38,26,2023-04-05
1077,1,39,27,2023-04-06
1078,1,39,28,2023-04-06
1079,1,40,29,2023-04-07
1080,1,40,30,2023-04-07
1081,1,41,1,2023-04-08
1082,1,41,2,2023-04-08
1083,1,42,3,2023-04-09
1084,2,42,4,2023-04-09
1085,1,43,5,2023-04-10
